Protein,Peptide Sequence,Conc Level, SIS Resp., NAT Resp.,Concentration,PAR
APOA,TPAYYPNAGLIK,L1,185,1411,0.0811,0.131112686
APOA,TPAYYPNAGLIK,L1,155,910,0.0811,0.17032967
APOA,TPAYYPNAGLIK,L1,100,758,0.0811,0.131926121
APOA,TPAYYPNAGLIK,L2,139,1262,0.8107,0.110142631
APOA,TPAYYPNAGLIK,L2,100,704,0.8107,0.142045455
APOA,TPAYYPNAGLIK,L2,130,675,0.8107,0.192592593
APOA,TPAYYPNAGLIK,L3,336,1036,8.107,0.324324324
APOA,TPAYYPNAGLIK,L3,225,565,8.107,0.398230088
APOA,TPAYYPNAGLIK,L3,212,531,8.107,0.399246704
APOA,TPAYYPNAGLIK,L4,1042,781,40.5349,1.33418694
APOA,TPAYYPNAGLIK,L4,803,512,40.5349,1.568359375
APOA,TPAYYPNAGLIK,L4,700,609,40.5349,1.149425287
APOA,TPAYYPNAGLIK,L5,1962,790,81.0698,2.483544304
APOA,TPAYYPNAGLIK,L5,1097,585,81.0698,1.875213675
APOA,TPAYYPNAGLIK,L5,1130,527,81.0698,2.144212524
APOA,TPAYYPNAGLIK,L6,9101,677,405.3488,13.44313146
APOA,TPAYYPNAGLIK,L6,6203,465,405.3488,13.33978495
APOA,TPAYYPNAGLIK,L6,5442,443,405.3488,12.28442438
APOA,TPAYYPNAGLIK,L7,17311,694,810.6976,24.94380403
APOA,TPAYYPNAGLIK,L7,11378,510,810.6976,22.30980392
APOA,TPAYYPNAGLIK,L7,11399,429,810.6976,26.57109557
