Protein;Peptide Sequence;Conc Level; SIS Resp.; NAT Resp.;Concentration;PAR
ALB;LVNEVTEFAK;L1;337;51735624;7.5863448;6.51E-06
ALB;LVNEVTEFAK;L1;292;25963551;7.5863448;1.12E-05
ALB;LVNEVTEFAK;L1;103;23943808;7.5863448;4.30E-06
ALB;LVNEVTEFAK;L2;3497;34415531;75.863448;0.000101611
ALB;LVNEVTEFAK;L2;1789;20219621;75.863448;8.85E-05
ALB;LVNEVTEFAK;L2;1738;17406861;75.863448;9.98E-05
ALB;LVNEVTEFAK;L3;27649;30261442;758.63448;0.000913671
ALB;LVNEVTEFAK;L3;16129;17292671;758.63448;0.000932707
ALB;LVNEVTEFAK;L3;14648;15618645;758.63448;0.000937853
ALB;LVNEVTEFAK;L4;147785;27349409;3793.1724;0.00540359
ALB;LVNEVTEFAK;L4;90969;16559455;3793.1724;0.005493478
ALB;LVNEVTEFAK;L4;78851;14606229;3793.1724;0.00539845
ALB;LVNEVTEFAK;L5;297396;25433389;7586.3448;0.011693133
ALB;LVNEVTEFAK;L5;176654;15321266;7586.3448;0.011529987
ALB;LVNEVTEFAK;L5;161072;14014233;7586.3448;0.011493458
ALB;LVNEVTEFAK;L6;1597763;23078089;37931.724;0.069232899
ALB;LVNEVTEFAK;L6;925877;13577425;37931.724;0.068192386
ALB;LVNEVTEFAK;L6;873483;12028141;37931.724;0.07261995
ALB;LVNEVTEFAK;L7;2969849;20254808;75863.448;0.146624397
ALB;LVNEVTEFAK;L7;1883433;12578485;75863.448;0.149734487
ALB;LVNEVTEFAK;L7;1701122;11747893;75863.448;0.144802306
