Protein;Peptide Sequence;Conc Level; SIS Resp.; NAT Resp.;Concentration;PAR
APOA;TPAYYPNAGLIK;L1;185;1411;0.0811;0.131112686038271
APOA;TPAYYPNAGLIK;L1;155;910;0.0811;0.17032967032967
APOA;TPAYYPNAGLIK;L1;100;758;0.0811;0.131926121372032
APOA;TPAYYPNAGLIK;L2;139;1262;0.8107;0.110142630744849
APOA;TPAYYPNAGLIK;L2;100;704;0.8107;0.142045454545455
APOA;TPAYYPNAGLIK;L2;130;675;0.8107;0.192592592592593
APOA;TPAYYPNAGLIK;L3;336;1036;8.1070;0.324324324324324
APOA;TPAYYPNAGLIK;L3;225;565;8.1070;0.398230088495575
APOA;TPAYYPNAGLIK;L3;212;531;8.1070;0.39924670433145
APOA;TPAYYPNAGLIK;L4;1042;781;40.5349;1.33418693982074
APOA;TPAYYPNAGLIK;L4;803;512;40.5349;1.568359375
APOA;TPAYYPNAGLIK;L4;700;609;40.5349;1.14942528735632
APOA;TPAYYPNAGLIK;L5;1962;790;81.0698;2.48354430379747
APOA;TPAYYPNAGLIK;L5;1097;585;81.0698;1.87521367521368
APOA;TPAYYPNAGLIK;L5;1130;527;81.0698;2.14421252371916
APOA;TPAYYPNAGLIK;L6;9101;677;405.3488;13.4431314623338
APOA;TPAYYPNAGLIK;L6;6203;465;405.3488;13.3397849462366
APOA;TPAYYPNAGLIK;L6;5442;443;405.3488;12.2844243792325
APOA;TPAYYPNAGLIK;L7;17311;694;810.6976;24.9438040345821
APOA;TPAYYPNAGLIK;L7;11378;510;810.6976;22.3098039215686
APOA;TPAYYPNAGLIK;L7;11399;429;810.6976;26.5710955710956
