Sample No,Protein,Peptide Sequence,Fragment Ion,Amount on Column [fmol],Concentration,Total_area
QQQ_6535,MFAP4,WTVFQK,y4,0.005,0.00025,831
QQQ_6559,MFAP4,WTVFQK,y4,0.005,0.00025,370
QQQ_6583,MFAP4,WTVFQK,y4,0.005,0.00025,426
QQQ_6607,MFAP4,WTVFQK,y4,0.005,0.00025,1140
QQQ_6631,MFAP4,WTVFQK,y4,0.005,0.00025,1061
QQQ_6537,MFAP4,WTVFQK,y4,0.01,0.0005,1186
QQQ_6561,MFAP4,WTVFQK,y4,0.01,0.0005,458
QQQ_6585,MFAP4,WTVFQK,y4,0.01,0.0005,315
QQQ_6609,MFAP4,WTVFQK,y4,0.01,0.0005,1221
QQQ_6633,MFAP4,WTVFQK,y4,0.01,0.0005,1290
QQQ_6539,MFAP4,WTVFQK,y4,0.05,0.0025,3224
QQQ_6563,MFAP4,WTVFQK,y4,0.05,0.0025,3040
QQQ_6587,MFAP4,WTVFQK,y4,0.05,0.0025,1192
QQQ_6611,MFAP4,WTVFQK,y4,0.05,0.0025,3125
QQQ_6635,MFAP4,WTVFQK,y4,0.05,0.0025,3699
QQQ_6541,MFAP4,WTVFQK,y4,0.1,0.005,2553
QQQ_6565,MFAP4,WTVFQK,y4,0.1,0.005,2391
QQQ_6589,MFAP4,WTVFQK,y4,0.1,0.005,2235
QQQ_6613,MFAP4,WTVFQK,y4,0.1,0.005,3579
QQQ_6637,MFAP4,WTVFQK,y4,0.1,0.005,2590
QQQ_6543,MFAP4,WTVFQK,y4,0.5,0.025,10583
QQQ_6567,MFAP4,WTVFQK,y4,0.5,0.025,11519
QQQ_6591,MFAP4,WTVFQK,y4,0.5,0.025,12433
QQQ_6615,MFAP4,WTVFQK,y4,0.5,0.025,12571
QQQ_6639,MFAP4,WTVFQK,y4,0.5,0.025,10442
QQQ_6545,MFAP4,WTVFQK,y4,1,0.05,16135
QQQ_6569,MFAP4,WTVFQK,y4,1,0.05,18198
QQQ_6593,MFAP4,WTVFQK,y4,1,0.05,18048
QQQ_6617,MFAP4,WTVFQK,y4,1,0.05,17140
QQQ_6641,MFAP4,WTVFQK,y4,1,0.05,15410
QQQ_6547,MFAP4,WTVFQK,y4,5,0.25,59885
QQQ_6571,MFAP4,WTVFQK,y4,5,0.25,63652
QQQ_6595,MFAP4,WTVFQK,y4,5,0.25,63756
QQQ_6619,MFAP4,WTVFQK,y4,5,0.25,64433
QQQ_6643,MFAP4,WTVFQK,y4,5,0.25,55300
QQQ_6549,MFAP4,WTVFQK,y4,10,0.5,76043
QQQ_6573,MFAP4,WTVFQK,y4,10,0.5,86242
QQQ_6597,MFAP4,WTVFQK,y4,10,0.5,87396
QQQ_6621,MFAP4,WTVFQK,y4,10,0.5,83826
QQQ_6645,MFAP4,WTVFQK,y4,10,0.5,76495
QQQ_6551,MFAP4,WTVFQK,y4,50,2.5,278386
QQQ_6575,MFAP4,WTVFQK,y4,50,2.5,311712
QQQ_6599,MFAP4,WTVFQK,y4,50,2.5,315431
QQQ_6623,MFAP4,WTVFQK,y4,50,2.5,319255
QQQ_6647,MFAP4,WTVFQK,y4,50,2.5,264093
QQQ_6553,MFAP4,WTVFQK,y4,100,5,621757
QQQ_6577,MFAP4,WTVFQK,y4,100,5,701668
QQQ_6601,MFAP4,WTVFQK,y4,100,5,691219
QQQ_6625,MFAP4,WTVFQK,y4,100,5,671145
QQQ_6649,MFAP4,WTVFQK,y4,100,5,495259
QQQ_6555,MFAP4,WTVFQK,y4,500,25,3112587
QQQ_6579,MFAP4,WTVFQK,y4,500,25,3266792
QQQ_6603,MFAP4,WTVFQK,y4,500,25,3478063
QQQ_6627,MFAP4,WTVFQK,y4,500,25,3418581
QQQ_6651,MFAP4,WTVFQK,y4,500,25,2910547
